val/h_w_loss,val/t_p_loss,val/s_walls_loss,epoch,val/ODP_loss,val/b1_loss,val/d1_walls_loss,val/d2_plate_loss,val/d4_walls_loss,val/z_loss,val/L_loss,val/loss,val/s_plate_loss,val/d1_plate_loss,val/eta_min_tot_loss,val/AP_loss,val/GWP_loss,val/ADP-minerals-metals_loss,val/decorrelation_loss,step,val/fcc_loss,val/fsy_loss,val/POCP_loss,val/d4_plate_loss,val/features_loss,val/s_loss,val/beta_loss,val/ADP-fossil_loss,val/t_w_loss,train/loss,train/fsy_loss,train/s_loss,train/t_p_loss,train/d1_walls_loss,train/POCP_loss,train/fcc_loss,train/ADP-minerals-metals_loss,train/b1_loss,train/d4_plate_loss,train/beta_loss,train/h_w_loss,train/GWP_loss,train/eta_min_tot_loss,train/ADP-fossil_loss,train/t_w_loss,train/z_loss,train/AP_loss,train/d2_plate_loss,train/s_walls_loss,train/s_plate_loss,train/L_loss,train/decorrelation_loss,train/d4_walls_loss,train/ODP_loss,train/d1_plate_loss,train/features_loss
0.07537270337343216,0.09243129938840866,0.08198808878660202,0,0.08996469527482986,0.0807921513915062,0.09302254021167755,0.18274520337581635,0.08616773784160614,1.0357125997543335,0.08018726110458374,2.975032329559326,0.07206743955612183,0.08316356688737869,0.13049370050430298,0.07370434701442719,0.04374726116657257,0.061285290867090225,0.0,0,0.08632207661867142,0.08489205688238144,0.06542494148015976,0.08290178328752518,1.9393196105957031,0.06768352538347244,0.08645005524158478,0.05349486321210861,0.08501699566841125,,,,,,,,,,,,,,,,,,,,,,,,,,,
0.07529793679714203,0.09242266416549683,0.08192365616559982,1,0.08560305833816528,0.08069620281457901,0.09316270053386688,0.17146562039852142,0.08607316762208939,1.0285873413085938,0.08032809942960739,2.9470953941345215,0.07206396013498306,0.08334376662969589,0.13147908449172974,0.07179971039295197,0.04262908548116684,0.059235792607069016,0.0,1,0.08629118651151657,0.08490679413080215,0.06610368937253952,0.0827418640255928,1.9185080528259277,0.06764092296361923,0.08645954728126526,0.052174318581819534,0.08466518670320511,,,,,,,,,,,,,,,,,,,,,,,,,,,
0.07523840665817261,0.09241513907909393,0.08190744370222092,2,0.08173231780529022,0.08063319325447083,0.09328862279653549,0.15844060480594635,0.08603369444608688,1.0202932357788086,0.08043838292360306,2.917083740234375,0.07207396626472473,0.08349541574716568,0.1325596272945404,0.06995753943920135,0.041657060384750366,0.05723001807928085,0.0,2,0.08625686913728714,0.0849519819021225,0.06675686687231064,0.08257536590099335,1.8967902660369873,0.06757461279630661,0.08643838763237,0.05085150897502899,0.08428342640399933,,,,,,,,,,,,,,,,,,,,,,,,,,,
0.07519616931676865,0.09239625930786133,0.08191745728254318,3,0.0782838836312294,0.08061224967241287,0.09344854950904846,0.14451764523983002,0.08601883053779602,1.0109453201293945,0.08051569014787674,2.8857898712158203,0.0720946341753006,0.08366855978965759,0.13379298150539398,0.06803765892982483,0.04084307700395584,0.05505629628896713,0.0,3,0.08623335510492325,0.08504816144704819,0.06745083630084991,0.08241138607263565,1.8748445510864258,0.0675312727689743,0.0863972082734108,0.049452513456344604,0.08391992747783661,,,,,,,,,,,,,,,,,,,,,,,,,,,
0.07517191767692566,0.0923890769481659,0.08193755149841309,4,0.07519366592168808,0.0805688351392746,0.09363924711942673,0.13054034113883972,0.08601702749729156,1.0005544424057007,0.08060719817876816,2.8538241386413574,0.07212270051240921,0.0838167667388916,0.13492882251739502,0.06594453752040863,0.040137890726327896,0.05292317271232605,0.0,4,0.0862279012799263,0.08514468371868134,0.06815531104803085,0.08225376158952713,1.8532696962356567,0.06752549856901169,0.08638457208871841,0.04804237186908722,0.0835968405008316,,,,,,,,,,,,,,,,,,,,,,,,,,,
0.07513967156410217,0.09238641709089279,0.0819428414106369,5,0.07245621085166931,0.08047431707382202,0.09375383704900742,0.11712518334388733,0.08600801229476929,0.9886197447776794,0.08064799010753632,2.8213319778442383,0.0721375048160553,0.08389704674482346,0.13597752153873444,0.06394334882497787,0.03946780413389206,0.050901878625154495,0.0,5,0.0862102061510086,0.08526083827018738,0.06892138719558716,0.08209709078073502,1.8327120542526245,0.06752083450555801,0.08637525886297226,0.04666837304830551,0.08339858800172806,,,,,,,,,,,,,,,,,,,,,,,,,,,
0.07509603351354599,0.09240167587995529,0.08197669684886932,6,0.06995103508234024,0.08035006374120712,0.09385339915752411,0.10450349003076553,0.085999496281147,0.9753600358963013,0.0806298479437828,2.7888317108154297,0.07214062660932541,0.08400475233793259,0.13695205748081207,0.061999376863241196,0.038773588836193085,0.049038492143154144,0.0,6,0.08619574457406998,0.08528076857328415,0.06979409605264664,0.08199439197778702,1.8134716749191284,0.06752045452594757,0.0863674059510231,0.04535626247525215,0.08329186588525772,,,,,,,,,,,,,,,,,,,,,,,,,,,
0.07504533976316452,0.09242217987775803,0.0820314884185791,7,0.06757607311010361,0.08019910752773285,0.09389768540859222,0.09265965223312378,0.08597848564386368,0.9590646624565125,0.08057153970003128,2.754377841949463,0.07213601469993591,0.08408989757299423,0.13787104189395905,0.06028255447745323,0.038127098232507706,0.04718678444623947,0.0,7,0.086173877120018,0.08524888008832932,0.07067585736513138,0.08191695064306259,1.7953132390975952,0.0675087422132492,0.08634918183088303,0.04409205541014671,0.08327265083789825,,,,,,,,,,,,,,,,,,,,,,,,,,,
0.07498099654912949,0.09244612604379654,0.08206729590892792,8,0.06551899015903473,0.08002673834562302,0.09393538534641266,0.08185942471027374,0.08598096668720245,0.9415934681892395,0.08045023679733276,2.7199907302856445,0.0721358209848404,0.08416588604450226,0.13875029981136322,0.05853699520230293,0.03751906007528305,0.04513045400381088,0.0,8,0.0861501395702362,0.08515170216560364,0.0717841312289238,0.08185121417045593,1.7783973217010498,0.06747087091207504,0.08634570986032486,0.04277602210640907,0.08336285501718521,,,,,,,,,,,,,,,,,,,,,,,,,,,
0.07489015907049179,0.09247646480798721,0.08209817111492157,9,0.06352346390485764,0.07981815934181213,0.09389525651931763,0.07230653613805771,0.08598031848669052,0.9222942590713501,0.08028068393468857,2.6854140758514404,0.07212762534618378,0.08417624235153198,0.1395886093378067,0.05700715631246567,0.03689202293753624,0.043308597058057785,0.0,9,0.08610474318265915,0.08496886491775513,0.07289838045835495,0.08179254829883575,1.7631198167800903,0.0673665702342987,0.0864224061369896,0.04161953926086426,0.08357735723257065,,,,,,,,,,,,,,,,,,,,,,,,,,,
0.07476718723773956,0.09250752627849579,0.08211527019739151,10,0.0615190789103508,0.07958555221557617,0.0938267707824707,0.06356121599674225,0.0859912559390068,0.9032677412033081,0.08009102195501328,2.6519455909729004,0.07209830731153488,0.08411625772714615,0.1405142843723297,0.05550539121031761,0.03625963628292084,0.041578035801649094,0.0,10,0.08600801229476929,0.0846918597817421,0.07409954071044922,0.08171728998422623,1.7486777305603027,0.0671878233551979,0.0865379348397255,0.04052780941128731,0.08387064188718796,,,,,,,,,,,,,,,,,,,,,,,,,,,
0.07459450513124466,0.09251557290554047,0.08213489502668381,11,0.05939502641558647,0.07933568954467773,0.09374052286148071,0.05573940649628639,0.08598863333463669,0.8846993446350098,0.07986672967672348,2.6198012828826904,0.0720599964261055,0.08403868973255157,0.14146828651428223,0.05406269431114197,0.03567947447299957,0.03997044265270233,0.0,11,0.08585359901189804,0.08435392379760742,0.0752420499920845,0.08164430409669876,1.7351019382476807,0.06694379448890686,0.08663295954465866,0.03957997262477875,0.08426080644130707,,,,,,,,,,,,,,,,,,,,,,,,,,,
0.07440958172082901,0.0925053209066391,0.08215298503637314,12,0.05711030960083008,0.07907059043645859,0.09363660216331482,0.048694197088479996,0.08599823713302612,0.8651134967803955,0.07965243607759476,2.5875749588012695,0.0720081627368927,0.08390865474939346,0.1425306349992752,0.05278663709759712,0.035153988748788834,0.03832653537392616,0.0,12,0.08567878603935242,0.0839976891875267,0.07630413770675659,0.08156981319189072,1.7224615812301636,0.06672646850347519,0.08676613867282867,0.03874502331018448,0.08472859114408493,,,,,,,,,,,,,,,,,,,,,,,,,,,
0.07422156631946564,0.09247619658708572,0.08215364813804626,13,0.05475367233157158,0.07876086235046387,0.0934642031788826,0.04239740967750549,0.08600879460573196,0.8463542461395264,0.07944680005311966,2.556928873062134,0.07193556427955627,0.08374673128128052,0.14371858537197113,0.051480963826179504,0.0346638485789299,0.0368012897670269,0.0,13,0.08547436445951462,0.0835900753736496,0.07725979387760162,0.08149682730436325,1.7105746269226074,0.06656905263662338,0.08691604435443878,0.03800761699676514,0.085230752825737,,,,,,,,,,,,,,,,,,,,,,,,,,,
0.0740126296877861,0.09243499487638474,0.08214721828699112,14,0.05227002501487732,0.07840196788311005,0.0933043509721756,0.036712758243083954,0.08603039383888245,0.8304407000541687,0.07924699783325195,2.529585838317871,0.07187435030937195,0.08359057456254959,0.14486174285411835,0.05019129440188408,0.03426780551671982,0.035229720175266266,0.0,14,0.0852307379245758,0.08318877220153809,0.0780724510550499,0.08141323924064636,1.6991450786590576,0.0664278119802475,0.08704593777656555,0.03740829601883888,0.08578111976385117,,,,,,,,,,,,,,,,,,,,,,,,,,,
0.07376056164503098,0.09239432215690613,0.08210327476263046,15,0.04952430725097656,0.07801363617181778,0.09312663972377777,0.031599175184965134,0.08603969216346741,0.8153026103973389,0.07905559241771698,2.5034663677215576,0.071820929646492,0.08339319378137589,0.14625972509384155,0.04903437942266464,0.0338253490626812,0.033693715929985046,0.0,15,0.08496356755495071,0.0828024223446846,0.07884667068719864,0.08131496608257294,1.6881637573242188,0.06625361740589142,0.08720482140779495,0.03682751953601837,0.0863056629896164,,,,,,,,,,,,,,,,,,,,,,,,,,,
0.07350412011146545,0.09234832972288132,0.08199503272771835,16,0.04683421179652214,0.0776025801897049,0.09291543066501617,0.026994924992322922,0.08602647483348846,0.8001424670219421,0.07885582000017166,2.477588653564453,0.07175932079553604,0.08319894969463348,0.14765992760658264,0.04783542454242706,0.03343804180622101,0.032278403639793396,0.0,16,0.08469104766845703,0.08242365717887878,0.07946958392858505,0.08120229840278625,1.6774461269378662,0.06606471538543701,0.08727946132421494,0.03630198538303375,0.08676651865243912,,,,,,,,,,,,,,,,,,,,,,,,,,,
0.0732465386390686,0.0922991931438446,0.08184753358364105,17,0.04411515220999718,0.07720061391592026,0.09268329292535782,0.0228569358587265,0.08600521832704544,0.7844945788383484,0.07866933941841125,2.4510998725891113,0.0716877430677414,0.08302003145217896,0.14898203313350677,0.0465136282145977,0.03313827887177467,0.030914952978491783,0.0,17,0.0844235047698021,0.082034632563591,0.07984361797571182,0.08109565079212189,1.6666054725646973,0.06586708128452301,0.08718488365411758,0.035828229039907455,0.08714727312326431,,,,,,,,,,,,,,,,,,,,,,,,,,,
0.0729682669043541,0.09226810187101364,0.08161429315805435,18,0.04168640077114105,0.07677293568849564,0.09241917729377747,0.019326547160744667,0.08598623424768448,0.7667785882949829,0.0784761980175972,2.422933578491211,0.07162430882453918,0.08284947276115417,0.15002726018428802,0.045225244015455246,0.03296172246336937,0.02959255501627922,0.0,18,0.08413826674222946,0.08161579817533493,0.07999670505523682,0.08099446445703506,1.6561551094055176,0.06561411917209625,0.08711704611778259,0.035383787006139755,0.0874960795044899,,,,,,,,,,,,,,,,,,,,,,,,,,,
0.07268184423446655,0.09223533421754837,0.08132573962211609,19,0.039469122886657715,0.07632365077733994,0.09213066846132278,0.016244886443018913,0.08595411479473114,0.7474003434181213,0.07835318893194199,2.3929219245910645,0.071590855717659,0.08262776583433151,0.15076671540737152,0.04385867714881897,0.03292405232787132,0.0284214336425066,0.0,19,0.08376447856426239,0.08117862045764923,0.07982099056243896,0.08087501674890518,1.645521640777588,0.06525185704231262,0.08700379729270935,0.03500887751579285,0.08770986646413803,,,,,,,,,,,,,,,,,,,,,,,,,,,
0.0723583996295929,0.09221135079860687,0.0809105858206749,20,0.037559423595666885,0.07584097981452942,0.09179054945707321,0.013644489459693432,0.08590966463088989,0.7260258197784424,0.0782332494854927,2.360698699951172,0.07158344984054565,0.08237972110509872,0.15115460753440857,0.04247812181711197,0.03299098461866379,0.02728130854666233,0.0,20,0.08335930854082108,0.08072679489850998,0.07947984337806702,0.08074045181274414,1.6346726417541504,0.06473679840564728,0.08684708923101425,0.034620266407728195,0.08783544600009918,,,,,,,,,,,,,,,,,,,,,,,,,,,
0.0720047876238823,0.09219639748334885,0.08038892596960068,21,0.035798247903585434,0.07527588307857513,0.09145771712064743,0.01141118910163641,0.08584418147802353,0.7005699276924133,0.07808596640825272,2.3238635063171387,0.07160264998674393,0.08209018409252167,0.1511359065771103,0.041172247380018234,0.03310330584645271,0.026323767378926277,0.0,21,0.0828235074877739,0.0802578330039978,0.07883577048778534,0.0805400013923645,1.6232936382293701,0.06402719765901566,0.08663272857666016,0.034312739968299866,0.08797252923250198,,,,,,,,,,,,,,,,,,,,,,,,,,,
0.07162702083587646,0.09216432273387909,0.07980664819478989,22,0.034422867000103,0.0746275931596756,0.09116556495428085,0.009581494145095348,0.08574837446212769,0.6711378693580627,0.07794052362442017,2.2825965881347656,0.07166901230812073,0.0817502811551094,0.15063320100307465,0.03987620770931244,0.03333654627203941,0.025452489033341408,0.0,22,0.08209452033042908,0.07976195216178894,0.07795115560293198,0.08025577664375305,1.6114587783813477,0.06318144500255585,0.08631075173616409,0.034007541835308075,0.08809337764978409,,,,,,,,,,,,,,,,,,,,,,,,,,,
0.07120687514543533,0.09213310480117798,0.07921013981103897,23,0.03322194516658783,0.07387242466211319,0.09086214751005173,0.008047845214605331,0.08560068160295486,0.638641893863678,0.077755868434906,2.2378547191619873,0.07176510989665985,0.08145115524530411,0.14966745674610138,0.03884471580386162,0.03355775773525238,0.024795975536108017,0.0,23,0.08123410493135452,0.07918448001146317,0.0768333449959755,0.07993259280920029,1.5992127656936646,0.06225036084651947,0.08584720641374588,0.03373243287205696,0.08820509910583496,,,,,,,,,,,,,,,,,,,,,,,,,,,
0.0707194060087204,0.09215575456619263,0.07858891785144806,24,0.03218104690313339,0.07298751175403595,0.09059052169322968,0.006774907000362873,0.08538798242807388,0.602138876914978,0.07748548686504364,2.188246965408325,0.0718747153878212,0.08114085346460342,0.1482357680797577,0.037971362471580505,0.03380953148007393,0.024306586012244225,0.0,24,0.08004961162805557,0.07856444269418716,0.07549100369215012,0.07949300110340118,1.5861080884933472,0.06128993630409241,0.08522064983844757,0.033513810485601425,0.08827526867389679,,,,,,,,,,,,,,,,,,,,,,,,,,,
0.07022151350975037,0.0922505110502243,0.07796986401081085,25,0.031265273690223694,0.07195807248353958,0.09036026149988174,0.005706819240003824,0.08508504182100296,0.5639615654945374,0.07719361037015915,2.136640787124634,0.07195007055997849,0.08086071163415909,0.14645595848560333,0.0372590571641922,0.03412805497646332,0.023834146559238434,0.0,25,0.07868948578834534,0.07791072130203247,0.07400114089250565,0.07901112735271454,1.5726792812347412,0.06055949255824089,0.08446840196847916,0.03331161290407181,0.08822830021381378,,,,,,,,,,,,,,,,,,,,,,,,,,,
0.06970978528261185,0.09238982200622559,0.07734757661819458,26,0.030251862481236458,0.07081273198127747,0.0901394784450531,0.004835569299757481,0.08472126722335815,0.5247756838798523,0.07685265690088272,2.083941698074341,0.07206346839666367,0.08054797351360321,0.14457641541957855,0.03671189770102501,0.0343434102833271,0.023441975936293602,0.0,26,0.07727526873350143,0.07729604840278625,0.07240557670593262,0.07849392294883728,1.5591660737991333,0.06000511720776558,0.08372639864683151,0.033105071634054184,0.08811278641223907,,,,,,,,,,,,,,,,,,,,,,,,,,,
0.0691780149936676,0.09260249137878418,0.07677625119686127,27,0.02920934185385704,0.06956601142883301,0.08981646597385406,0.004112990573048592,0.08433662354946136,0.48781049251556396,0.07632210105657578,2.032993793487549,0.0720866471529007,0.08035673201084137,0.14247073233127594,0.036237411201000214,0.03446231037378311,0.022999053820967674,0.0,27,0.07583771646022797,0.07672997564077377,0.07086396962404251,0.07797746360301971,1.5451830625534058,0.05965092033147812,0.08287250250577927,0.03286834806203842,0.0878491997718811,,,,,,,,,,,,,,,,,,,,,,,,,,,
0.06865643709897995,0.09285293519496918,0.07615982741117477,28,0.028167974203824997,0.06813763827085495,0.08949745446443558,0.00351038109511137,0.08393174409866333,0.45288196206092834,0.07560808211565018,1.9841336011886597,0.07195591926574707,0.08024055510759354,0.14022718369960785,0.036017175763845444,0.03452116623520851,0.022479476407170296,0.0,28,0.07443609833717346,0.07613487541675568,0.06935617327690125,0.07749513536691666,1.5312516689300537,0.059492211788892746,0.08201942592859268,0.03260325267910957,0.08775068074464798,,,,,,,,,,,,,,,,,,,,,,,,,,,
0.06818534433841705,0.09307142347097397,0.07555123418569565,29,0.027168165892362595,0.06672699749469757,0.08915121108293533,0.003007073886692524,0.0834888443350792,0.41877445578575134,0.07480528205633163,1.9357914924621582,0.07163042575120926,0.08014698326587677,0.1378255933523178,0.035870470106601715,0.03452732414007187,0.021947786211967468,0.0,29,0.07300052046775818,0.07557248324155807,0.06777123361825943,0.07707323133945465,1.5170170068740845,0.05941376835107803,0.08116123080253601,0.03225455433130264,0.08766583353281021,,,,,,,,,,,,,,,,,,,,,,,,,,,
0.06775227189064026,0.09330996870994568,0.07495394349098206,30,0.026260042563080788,0.06530251353979111,0.08880718052387238,0.002586914226412773,0.08304741978645325,0.387349933385849,0.073882557451725,1.8899418115615845,0.07117277383804321,0.08001106232404709,0.1352018564939499,0.035781633108854294,0.03454369306564331,0.021284880116581917,0.0,30,0.07148022949695587,0.07505730539560318,0.066141277551651,0.07678446918725967,1.5025919675827026,0.059429388493299484,0.08037431538105011,0.0318375900387764,0.08758861571550369,,,,,,,,,,,,,,,,,,,,,,,,,,,
0.06730969250202179,0.0935640037059784,0.07439620792865753,31,0.025242406874895096,0.0640365332365036,0.08849256485700607,0.0022361751180142164,0.08257913589477539,0.3569680452346802,0.07310522347688675,1.8456562757492065,0.07069049030542374,0.07996180653572083,0.1326974332332611,0.035700723528862,0.0344826877117157,0.020551159977912903,0.0,31,0.07001198083162308,0.07454635202884674,0.06453558802604675,0.07653076946735382,1.4886882305145264,0.05938582494854927,0.07975789159536362,0.03134988248348236,0.08752358704805374,,,,,,,,,,,,,,,,,,,,,,,,,,,
0.06682674586772919,0.09375029802322388,0.0738615095615387,32,0.024426715448498726,0.06302959471940994,0.08823158591985703,0.001940774149261415,0.08213851600885391,0.3279823660850525,0.07236407697200775,1.8029894828796387,0.07010902464389801,0.07996396720409393,0.12992359697818756,0.035653840750455856,0.03446285054087639,0.01989278383553028,0.0,32,0.0685013085603714,0.07407643646001816,0.06281611323356628,0.07629000395536423,1.475007176399231,0.05931195244193077,0.07918906956911087,0.030895957723259926,0.08735061436891556,,,,,,,,,,,,,,,,,,,,,,,,,,,
0.06632442772388458,0.09387055039405823,0.07333660870790482,33,0.02365623414516449,0.06221965700387955,0.08796518296003342,0.0017104682046920061,0.08169576525688171,0.29975515604019165,0.07158049941062927,1.761244773864746,0.06943148374557495,0.07991620153188705,0.12716059386730194,0.035700906068086624,0.0344381220638752,0.01923222653567791,0.0,33,0.06680896878242493,0.07355637103319168,0.061107613146305084,0.0760829895734787,1.4614895582199097,0.059325508773326874,0.0787237286567688,0.030454080551862717,0.08719134330749512,,,,,,,,,,,,,,,,,,,,,,,,,,,
0.06581751257181168,0.0937764048576355,0.07282204926013947,34,0.022930245846509933,0.06159175559878349,0.08771675080060959,0.001520358957350254,0.08126702159643173,0.27151790261268616,0.0708448514342308,1.719832181930542,0.06880107522010803,0.07992721349000931,0.12454469501972198,0.03571373596787453,0.0344511978328228,0.018607117235660553,0.0,34,0.06494821608066559,0.07309983670711517,0.059308864176273346,0.07585602253675461,1.4483143091201782,0.059249065816402435,0.07844974845647812,0.029964463785290718,0.08710608631372452,,,,,,,,,,,,,,,,,,,,,,,,,,,
0.06529012322425842,0.093498595058918,0.07231033593416214,35,0.02221887744963169,0.0608581081032753,0.08758995682001114,0.0013633689377456903,0.08090389519929886,0.24544082581996918,0.07007560133934021,1.6808241605758667,0.06830701977014542,0.07988792657852173,0.12215403467416763,0.035705793648958206,0.03440709784626961,0.017965542152523994,0.0,35,0.06311463564634323,0.07288540154695511,0.057616766542196274,0.07550811022520065,1.4353833198547363,0.058975424617528915,0.0782344713807106,0.02948378026485443,0.08702849596738815,,,,,,,,,,,,,,,,,,,,,,,,,,,
0.06470515578985214,0.09305892139673233,0.07188082486391068,36,0.021494658663868904,0.06016356870532036,0.08749625831842422,0.0012291133170947433,0.08054229617118835,0.2197769284248352,0.06927765905857086,1.641991376876831,0.06789220869541168,0.07976581901311874,0.11993036419153214,0.035711854696273804,0.03438882902264595,0.017293648794293404,0.0,36,0.06107413396239281,0.07263468205928802,0.05587388202548027,0.07510733604431152,1.422214388847351,0.058559246361255646,0.07818779349327087,0.028954116627573967,0.08699208498001099,,,,,,,,,,,,,,,,,,,,,,,,,,,
0.06405296921730042,0.09254226088523865,0.07148753851652145,37,0.02080008015036583,0.05940820649266243,0.08744186162948608,0.0011182255111634731,0.08028439432382584,0.19524820148944855,0.06851131469011307,1.6040306091308594,0.06746059656143188,0.07958166301250458,0.11776904761791229,0.035527024418115616,0.03440618887543678,0.016733843833208084,0.0,37,0.058919139206409454,0.07245109230279922,0.05402833968400955,0.0746288076043129,1.4087823629379272,0.05801583454012871,0.07821759581565857,0.028477344661951065,0.08691904693841934,,,,,,,,,,,,,,,,,,,,,,,,,,,
0.06341788917779922,0.09195735305547714,0.07118278741836548,38,0.020027542486786842,0.058743853121995926,0.08746691048145294,0.0010231062769889832,0.08000364899635315,0.17365337908267975,0.06761141866445541,1.5692527294158936,0.06710667908191681,0.07933051884174347,0.11580879241228104,0.03522522374987602,0.03440295532345772,0.016054682433605194,0.0,38,0.05680875852704048,0.07236223667860031,0.052332181483507156,0.07414737343788147,1.3955994844436646,0.057601213455200195,0.07827047258615494,0.02795911394059658,0.08675476163625717,,,,,,,,,,,,,,,,,,,,,,,,,,,
0.06269025802612305,0.09131287783384323,0.07098104804754257,39,0.01936175487935543,0.05810575187206268,0.08749695867300034,0.0009403950534760952,0.07978017628192902,0.15238091349601746,0.06678290665149689,1.5352537631988525,0.0667472779750824,0.07902709394693375,0.11383435875177383,0.03497586026787758,0.03443459793925285,0.015432201325893402,0.0,39,0.05468074977397919,0.07240711897611618,0.050590645521879196,0.07364276051521301,1.3828728199005127,0.05732009932398796,0.0784233808517456,0.02746008336544037,0.08644434809684753,,,,,,,,,,,,,,,,,,,,,,,,,,,
0.06188580393791199,0.09059738367795944,0.07071223855018616,40,0.01860707812011242,0.05751820653676987,0.08741139620542526,0.0008728132233954966,0.07965674996376038,0.1328326314687729,0.0659598708152771,1.50264573097229,0.06642577052116394,0.07871168106794357,0.11174490302801132,0.03460647165775299,0.034418944269418716,0.014815808273851871,0.0,40,0.0526186004281044,0.07247120141983032,0.04881007969379425,0.07309751212596893,1.369813084602356,0.057157352566719055,0.07853521406650543,0.027033882215619087,0.08614417165517807,,,,,,,,,,,,,,,,,,,,,,,,,,,
0.061187103390693665,0.08990471810102463,0.07038035988807678,41,0.017924807965755463,0.05702682584524155,0.0871850997209549,0.0008189023938030005,0.07960110157728195,0.11399736255407333,0.06515879184007645,1.4712237119674683,0.06625345349311829,0.07829111069440842,0.10968024283647537,0.034417472779750824,0.0343676321208477,0.014308104291558266,0.0,41,0.05067858099937439,0.07240836322307587,0.04701497033238411,0.07260323315858841,1.3572266101837158,0.05720734968781471,0.07855686545372009,0.026578539982438087,0.08567292988300323,,,,,,,,,,,,,,,,,,,,,,,,,,,
0.060559242963790894,0.08917059004306793,0.07000164687633514,42,0.017244353890419006,0.05665624141693115,0.08686251938343048,0.0007701130234636366,0.07960054278373718,0.09765048325061798,0.06442244350910187,1.442884087562561,0.0661286935210228,0.07782626897096634,0.10737057775259018,0.03425740823149681,0.034240953624248505,0.013775723055005074,0.0,42,0.049090348184108734,0.07229623943567276,0.045258693397045135,0.0722617357969284,1.3452335596084595,0.057480860501527786,0.07845771312713623,0.026148462668061256,0.08535214513540268,,,,,,,,,,,,,,,,,,,,,,,,,,,
0.05999939516186714,0.08847777545452118,0.06947870552539825,43,0.01652703620493412,0.056008949875831604,0.08648847788572311,0.0007290404173545539,0.07958684116601944,0.0866827517747879,0.06373424828052521,1.4195692539215088,0.06603778153657913,0.0773627907037735,0.10484293848276138,0.03398365154862404,0.03400849550962448,0.01331455260515213,0.0,43,0.04785206913948059,0.0722682997584343,0.04345952346920967,0.07205329835414886,1.3328864574432373,0.057772379368543625,0.07815051823854446,0.02573351189494133,0.08501620590686798,,,,,,,,,,,,,,,,,,,,,,,,,,,
0.05948929861187935,0.0878460630774498,0.06895741075277328,44,0.01581435650587082,0.05542457476258278,0.08606187999248505,0.0006949400412850082,0.07969266176223755,0.07642876356840134,0.06315217167139053,1.3977969884872437,0.06602795422077179,0.07698040455579758,0.1023283451795578,0.033721923828125,0.03373259678483009,0.012874734587967396,0.0,44,0.046808771789073944,0.07234504073858261,0.04173921421170235,0.07190609723329544,1.3213682174682617,0.05804264172911644,0.07780687510967255,0.025274882093071938,0.08464547246694565,,,,,,,,,,,,,,,,,,,,,,,,,,,
0.059006378054618835,0.08719635009765625,0.06838447600603104,45,0.015090487897396088,0.055024340748786926,0.0855620950460434,0.000664440740365535,0.07965748012065887,0.06714417040348053,0.06259723752737045,1.3767991065979004,0.06613638997077942,0.07667751610279083,0.09981419891119003,0.03339230641722679,0.03340230882167816,0.01250021904706955,0.0,45,0.045847635716199875,0.07238391786813736,0.0399114154279232,0.07186882197856903,1.309654951095581,0.05833692476153374,0.07732805609703064,0.02476787380874157,0.0841042548418045,,,,,,,,,,,,,,,,,,,,,,,,,,,
0.05865795165300369,0.08675368130207062,0.06769786030054092,46,0.014378859661519527,0.05470925197005272,0.08521968871355057,0.0006401959690265357,0.07963761687278748,0.0627584457397461,0.06219036132097244,1.3607704639434814,0.06618912518024445,0.07640497386455536,0.09699191153049469,0.03282707929611206,0.032988451421260834,0.012163451872766018,0.0,46,0.04493023455142975,0.07240863889455795,0.03811386972665787,0.07187897711992264,1.298012137413025,0.05823155865073204,0.07694590836763382,0.02423184923827648,0.08382060378789902,,,,,,,,,,,,,,,,,,,,,,,,,,,
0.0584697499871254,0.08641435950994492,0.06688641756772995,47,0.013659435324370861,0.054598335176706314,0.08494613319635391,0.0006225188844837248,0.07955075800418854,0.059879496693611145,0.061850279569625854,1.346441626548767,0.06623837351799011,0.07626122236251831,0.09397002309560776,0.03235555440187454,0.032459668815135956,0.012002733536064625,0.0,47,0.043992143124341965,0.07242570072412491,0.03623746708035469,0.07184431701898575,1.2865620851516724,0.05793801322579384,0.07656004279851913,0.02376101166009903,0.08351779729127884,,,,,,,,,,,,,,,,,,,,,,,,,,,
0.05837883800268173,0.08613686263561249,0.06600217521190643,48,0.013074102811515331,0.054848428815603256,0.08476442098617554,0.0006078315782360733,0.07945068180561066,0.05697036162018776,0.061615217477083206,1.3326973915100098,0.06633604317903519,0.07612220197916031,0.0905035138130188,0.03182888403534889,0.0319378487765789,0.012006607837975025,0.0,48,0.04304066300392151,0.07223457098007202,0.034355126321315765,0.07174647599458694,1.2757270336151123,0.057534437626600266,0.07645153254270554,0.023409537971019745,0.08334095776081085,,,,,,,,,,,,,,,,,,,,,,,,,,,
,,,49,,,,,,,,,,,,,,,,49,,,,,,,,,,1.3211019039154053,0.07214437425136566,0.06784188002347946,0.07757896184921265,0.07476285099983215,0.039168182760477066,0.051294855773448944,0.013608920387923717,0.05166923627257347,0.075758196413517,0.07641006261110306,0.06909391283988953,0.0391823872923851,0.10219230502843857,0.025109484791755676,0.07138743251562119,0.010088440030813217,0.03092934936285019,0.000564970017876476,0.06512437760829926,0.07415581494569778,0.059870023280382156,0.0,0.07535182684659958,0.016561776399612427,0.0812523141503334,1.3110134601593018
0.05834820866584778,0.08578991144895554,0.06520331650972366,49,0.01255052536725998,0.055226996541023254,0.08462077379226685,0.0005969443009234965,0.07931004464626312,0.05525781214237213,0.06142047047615051,1.3204652070999146,0.0663919672369957,0.07612758874893188,0.08693280816078186,0.031122371554374695,0.03139593079686165,0.01196376234292984,0.0,49,0.04225526005029678,0.0720672756433487,0.03251544386148453,0.07170269638299942,1.2652074098587036,0.05714048445224762,0.07644578814506531,0.023019570857286453,0.08305933326482773,,,,,,,,,,,,,,,,,,,,,,,,,,,
0.058403827250003815,0.08552921563386917,0.06448404490947723,50,0.012034822255373001,0.05574827268719673,0.08459710329771042,0.0005835851188749075,0.0792180672287941,0.053746722638607025,0.06122927740216255,1.3087376356124878,0.06639311462640762,0.07605904340744019,0.08330032229423523,0.030345097184181213,0.030827365815639496,0.012002702802419662,0.0,50,0.04161248356103897,0.07190582156181335,0.030703086405992508,0.07162740081548691,1.2549909353256226,0.05672023817896843,0.0764833465218544,0.02263507805764675,0.08254760503768921,,,,,,,,,,,,,,,,,,,,,,,,,,,
0.05842303857207298,0.08545854687690735,0.06378426402807236,51,0.011571572162210941,0.05632162094116211,0.08462062478065491,0.0005720733315683901,0.07914992421865463,0.05254024639725685,0.06103037670254707,1.29793381690979,0.06609013676643372,0.07601416856050491,0.07964938133955002,0.02970772236585617,0.030201459303498268,0.012053290382027626,0.0,51,0.04103270173072815,0.07177131623029709,0.02895030751824379,0.07172521203756332,1.2453935146331787,0.05649951845407486,0.07653316855430603,0.02227875404059887,0.08195437490940094,,,,,,,,,,,,,,,,,,,,,,,,,,,
0.05830788239836693,0.085006482899189,0.06317538022994995,52,0.011128667742013931,0.05663241073489189,0.08481956273317337,0.0005605182377621531,0.07908980548381805,0.04979703575372696,0.06074324622750282,1.284857153892517,0.06562712043523788,0.07591121643781662,0.07586994767189026,0.029222626239061356,0.029553746804594994,0.012154769152402878,0.0,52,0.04045860469341278,0.0717848613858223,0.02724299021065235,0.07174413651227951,1.2350600957870483,0.056449487805366516,0.07651747018098831,0.021949199959635735,0.08111000061035156,,,,,,,,,,,,,,,,,,,,,,,,,,,
0.058110013604164124,0.08449185639619827,0.06267476081848145,53,0.01073475368320942,0.056921426206827164,0.08505077660083771,0.0005471714539453387,0.07906027138233185,0.0463034026324749,0.060472533106803894,1.2710559368133545,0.06504618376493454,0.07582470029592514,0.0721692442893982,0.02866172045469284,0.028860246762633324,0.012245760299265385,0.0,53,0.03982091322541237,0.07191119343042374,0.02548794262111187,0.07168976962566376,1.2247525453567505,0.05659988895058632,0.07651224732398987,0.02152383141219616,0.08033538609743118,,,,,,,,,,,,,,,,,,,,,,,,,,,
0.05795573815703392,0.08398588001728058,0.06226056069135666,54,0.010357541032135487,0.05702332407236099,0.08528453856706619,0.0005360532086342573,0.07905780524015427,0.04300585761666298,0.060102690011262894,1.2579001188278198,0.06443192064762115,0.07567786425352097,0.0685320571064949,0.028102293610572815,0.028136715292930603,0.012410026974976063,0.0,54,0.039227038621902466,0.07227952778339386,0.02379705011844635,0.07173597067594528,1.2148942947387695,0.05696796998381615,0.07655487209558487,0.021075505763292313,0.07940138876438141,,,,,,,,,,,,,,,,,,,,,,,,,,,
0.05782279372215271,0.08349527418613434,0.06183641031384468,55,0.010060072876513004,0.05703086405992508,0.08537894487380981,0.0005253976560197771,0.0791178047657013,0.0402546152472496,0.05978921800851822,1.2451430559158325,0.06384707242250443,0.07559216767549515,0.06492077559232712,0.027417490258812904,0.02742478996515274,0.012606896460056305,0.0,55,0.03864438831806183,0.07271324843168259,0.022158412262797356,0.0717805027961731,1.2048884630203247,0.0573665089905262,0.07641571760177612,0.020515963435173035,0.07842782139778137,,,,,,,,,,,,,,,,,,,,,,,,,,,
0.05766776576638222,0.08292996138334274,0.061288412660360336,56,0.009876263327896595,0.05701369419693947,0.08533432334661484,0.0005175077822059393,0.0790812075138092,0.038922276347875595,0.05949981510639191,1.2337687015533447,0.06335717439651489,0.07558350265026093,0.061145611107349396,0.026866914704442024,0.026641612872481346,0.012706676498055458,0.0,56,0.0381903350353241,0.07325223833322525,0.020597733557224274,0.07185053080320358,1.1948463916778564,0.057770077139139175,0.07637056708335876,0.019862942397594452,0.0774414986371994,,,,,,,,,,,,,,,,,,,,,,,,,,,
0.057440079748630524,0.08237317949533463,0.06068037077784538,57,0.009774483740329742,0.05680656060576439,0.0852539911866188,0.0005076051456853747,0.07895974069833755,0.0380680076777935,0.05906829237937927,1.2226464748382568,0.06293825805187225,0.07560045272111893,0.05746075510978699,0.02626500278711319,0.02585696056485176,0.012893923558294773,0.0,57,0.03786217048764229,0.07376904785633087,0.019115447998046875,0.07192980498075485,1.1845784187316895,0.05816880241036415,0.07647515088319778,0.01911228895187378,0.07626612484455109,,,,,,,,,,,,,,,,,,,,,,,,,,,
0.057284820824861526,0.08190426975488663,0.06021760776638985,58,0.009757988154888153,0.05647466704249382,0.08508872240781784,0.0005013886839151382,0.07892055064439774,0.038622401654720306,0.05868462100625038,1.2133797407150269,0.06254541128873825,0.07568041235208511,0.05365055426955223,0.025761406868696213,0.02500378154218197,0.01313992589712143,0.0,58,0.03768562152981758,0.07404244691133499,0.01766505278646946,0.07221539318561554,1.1747573614120483,0.058362312614917755,0.0765630379319191,0.018407896161079407,0.07519950717687607,,,,,,,,,,,,,,,,,,,,,,,,,,,
0.05712166801095009,0.0814206674695015,0.05965307354927063,59,0.00981691014021635,0.05619743466377258,0.0849769115447998,0.0004959519719704986,0.07898202538490295,0.040095072239637375,0.0584414005279541,1.2048088312149048,0.06206667050719261,0.07577947527170181,0.049829334020614624,0.025064315646886826,0.024160152301192284,0.013531889766454697,0.0,59,0.03747936338186264,0.07397332787513733,0.016262829303741455,0.0725855901837349,1.164713740348816,0.05858447402715683,0.07678460329771042,0.01761321909725666,0.07389253377914429,,,,,,,,,,,,,,,,,,,,,,,,,,,
0.056967440992593765,0.08102474361658096,0.05904930457472801,60,0.00995088741183281,0.05555292218923569,0.0848575010895729,0.0004921025247313082,0.07909438759088516,0.04253385215997696,0.05831807106733322,1.1971638202667236,0.06187194958329201,0.0759364515542984,0.04605269432067871,0.024220060557127,0.023277489468455315,0.014017488807439804,0.0,60,0.03724481165409088,0.07384809106588364,0.014972147531807423,0.07299434393644333,1.1546299457550049,0.058619942516088486,0.07707247138023376,0.016762472689151764,0.07243228703737259,,,,,,,,,,,,,,,,,,,,,,,,,,,
0.05691831186413765,0.0809144675731659,0.05849332734942436,61,0.01013215258717537,0.05497852340340614,0.08461113274097443,0.0004895362071692944,0.07925577461719513,0.04486383870244026,0.05825420469045639,1.190345287322998,0.06171382963657379,0.07613696157932281,0.04231033846735954,0.02348088100552559,0.022420091554522514,0.014407739974558353,0.0,61,0.037036996334791183,0.07381311058998108,0.01376609317958355,0.07319628447294235,1.1454814672470093,0.05877143517136574,0.077348493039608,0.016032742336392403,0.07099907845258713,,,,,,,,,,,,,,,,,,,,,,,,,,,
0.05687108635902405,0.0809512734413147,0.057855091989040375,62,0.010370368137955666,0.05472336709499359,0.08443597704172134,0.0004900990170426667,0.0794096440076828,0.04734809324145317,0.058360613882541656,1.1837490797042847,0.06148487702012062,0.076352059841156,0.038786858320236206,0.022576559334993362,0.021533163264393806,0.0148368701338768,0.0,62,0.03659650683403015,0.07364688068628311,0.012654495425522327,0.07312698662281036,1.1364009380340576,0.05879504978656769,0.07751741260290146,0.015250585973262787,0.06977519392967224,,,,,,,,,,,,,,,,,,,,,,,,,,,
0.05685902014374733,0.08093903213739395,0.05729241296648979,63,0.010666046291589737,0.05465297773480415,0.08436436951160431,0.0004907427937723696,0.07950970530509949,0.04698517173528671,0.058505717664957047,1.1744790077209473,0.061451077461242676,0.07653512060642242,0.03538373112678528,0.021620454266667366,0.020676717162132263,0.015102969482541084,0.0,63,0.036090537905693054,0.07326316088438034,0.011637386865913868,0.07293128222227097,1.1274938583374023,0.05878007784485817,0.07750021666288376,0.01447370182722807,0.0687674880027771,,,,,,,,,,,,,,,,,,,,,,,,,,,
0.056771017611026764,0.08100774884223938,0.05670825019478798,64,0.010931984521448612,0.054652415215969086,0.08422225713729858,0.0004926983383484185,0.0795765072107315,0.043690335005521774,0.058694008737802505,1.1633280515670776,0.06167091056704521,0.07674248516559601,0.032158467918634415,0.020702634006738663,0.019915705546736717,0.015184679068624973,0.0,64,0.035572681576013565,0.07296532392501831,0.010786660946905613,0.07275936752557755,1.1196377277374268,0.05878371745347977,0.07752103358507156,0.01382386963814497,0.06799332797527313,,,,,,,,,,,,,,,,,,,,,,,,,,,
0.056514982134103775,0.08080513030290604,0.05612621828913689,65,0.01115264929831028,0.054907504469156265,0.08412227034568787,0.000492512306664139,0.07956413924694061,0.04100637137889862,0.05878308415412903,1.153143048286438,0.061783742159605026,0.07688169181346893,0.029308414086699486,0.019894734025001526,0.01913580112159252,0.015214402228593826,0.0,65,0.03523528203368187,0.07290822267532349,0.01005222462117672,0.07252770662307739,1.112136721611023,0.058894723653793335,0.07748637348413467,0.01317125465720892,0.06717357784509659,,,,,,,,,,,,,,,,,,,,,,,,,,,
0.056220341473817825,0.08052501827478409,0.055617399513721466,66,0.011416912078857422,0.054856058210134506,0.0840955451130867,0.0004951203009113669,0.07954242825508118,0.04000013694167137,0.058791276067495346,1.1444599628448486,0.06157486513257027,0.07701165974140167,0.026772305369377136,0.01889617368578911,0.018260762095451355,0.015136176720261574,0.0,66,0.03509916737675667,0.07309459894895554,0.009494224563241005,0.07239732146263123,1.1044598817825317,0.05908786132931709,0.07741227000951767,0.012358181178569794,0.06630420684814453,,,,,,,,,,,,,,,,,,,,,,,,,,,
0.05588488280773163,0.08004474639892578,0.055189598351716995,67,0.011583354324102402,0.05473983660340309,0.08406203240156174,0.0004952519084326923,0.07949356734752655,0.03846568986773491,0.058832354843616486,1.1351964473724365,0.06080792844295502,0.07706096023321152,0.02449127659201622,0.018102960661053658,0.01734672486782074,0.01492943987250328,0.0,67,0.03507678955793381,0.07338282465934753,0.00907109770923853,0.07247089594602585,1.0967307090759277,0.05922364071011543,0.07741737365722656,0.01161019317805767,0.0654129609465599,,,,,,,,,,,,,,,,,,,,,,,,,,,
0.05565968528389931,0.07962105423212051,0.05488758906722069,68,0.011759806424379349,0.054396532475948334,0.08412712812423706,0.0004942569648846984,0.07935258746147156,0.03678756579756737,0.0587644949555397,1.1260586977005005,0.05998110771179199,0.07710354030132294,0.022485477849841118,0.017311643809080124,0.016432922333478928,0.014758294448256493,0.0,68,0.03507364168763161,0.07361011207103729,0.008745169267058372,0.07246455550193787,1.0892711877822876,0.059348974376916885,0.07735667377710342,0.010921645909547806,0.06461423635482788,,,,,,,,,,,,,,,,,,,,,,,,,,,
0.05554753914475441,0.0792742446064949,0.05468995124101639,69,0.011903239414095879,0.0540633387863636,0.08408809453248978,0.0004942401428706944,0.07918094843626022,0.035765424370765686,0.05868436023592949,1.1186342239379883,0.0591246522963047,0.07723088562488556,0.020780714228749275,0.01661522500216961,0.015435850247740746,0.014503128826618195,0.0,69,0.03505883738398552,0.07393494248390198,0.008495683781802654,0.07260505110025406,1.0828688144683838,0.059547316282987595,0.0773342028260231,0.01025716308504343,0.06401906907558441,,,,,,,,,,,,,,,,,,,,,,,,,,,
0.055564723908901215,0.07915356010198593,0.054663561284542084,70,0.01200028881430626,0.05360479652881622,0.08400636911392212,0.0004927206900902092,0.07895800471305847,0.034674495458602905,0.05855996161699295,1.1116200685501099,0.058387018740177155,0.07736390829086304,0.019317010417580605,0.01576893962919712,0.014463450759649277,0.014224627055227757,0.0,70,0.034997981041669846,0.07421998679637909,0.00833225529640913,0.07276064902544022,1.0769455432891846,0.059693146497011185,0.07720886915922165,0.009531708434224129,0.0636720210313797,,,,,,,,,,,,,,,,,,,,,,,,,,,
0.055610690265893936,0.07914168387651443,0.05448448285460472,71,0.012099098414182663,0.05299538001418114,0.08404287695884705,0.0004933055024594069,0.07869935035705566,0.03539830073714256,0.058391232043504715,1.1069378852844238,0.057769011706113815,0.07745829224586487,0.018077559769153595,0.015151148661971092,0.013485748320817947,0.01399499736726284,0.0,71,0.03483075648546219,0.07437461614608765,0.008180702105164528,0.07296665012836456,1.0715396404266357,0.05989224463701248,0.07713904231786728,0.008945530280470848,0.06331522762775421,,,,,,,,,,,,,,,,,,,,,,,,,,,
0.05574626103043556,0.07903894782066345,0.05425329506397247,72,0.012201685458421707,0.05233408510684967,0.0841512382030487,0.0004903413937427104,0.07847781479358673,0.03804613649845123,0.058231133967638016,1.1045258045196533,0.05744755640625954,0.07743225991725922,0.017071276903152466,0.01459316723048687,0.012526911683380604,0.013904090970754623,0.0,72,0.034862224012613297,0.07455649226903915,0.008054081350564957,0.07311716675758362,1.0664796829223633,0.05999883636832237,0.07710383087396622,0.008403327316045761,0.062483690679073334,,,,,,,,,,,,,,,,,,,,,,,,,,,
0.055877648293972015,0.07908818125724792,0.05383710563182831,73,0.012312829494476318,0.05158565193414688,0.08441288769245148,0.0004878785111941397,0.07832794636487961,0.04290991276502609,0.058128949254751205,1.1049447059631348,0.05737077072262764,0.07739700376987457,0.016170477494597435,0.014089361764490604,0.01158768218010664,0.01384248211979866,0.0,73,0.03486685827374458,0.07464289665222168,0.007927430793642998,0.07318154722452164,1.0620348453521729,0.06006328761577606,0.07719729095697403,0.007925489917397499,0.06171306222677231,,,,,,,,,,,,,,,,,,,,,,,,,,,
0.05618545413017273,0.07936803996562958,0.05340441316366196,74,0.012381097301840782,0.05095621570944786,0.08471277356147766,0.00048634666018188,0.07822730392217636,0.04714185744524002,0.05829496309161186,1.1056684255599976,0.05730906501412392,0.07740727812051773,0.01540783978998661,0.013542572036385536,0.010716315358877182,0.013802400790154934,0.0,74,0.03496640920639038,0.0745944231748581,0.007822141982614994,0.0732831060886383,1.0585265159606934,0.05990172550082207,0.07737719267606735,0.0074088419787585735,0.06097066402435303,,,,,,,,,,,,,,,,,,,,,,,,,,,
0.05637800320982933,0.07991776615381241,0.05305465683341026,75,0.01241318229585886,0.05039718747138977,0.08500304818153381,0.00048488512402400374,0.0781768336892128,0.049324531108140945,0.058459583669900894,1.104598045349121,0.057212136685848236,0.07737092673778534,0.014757218770682812,0.013009735383093357,0.00995065551251173,0.013744156807661057,0.0,75,0.03490230441093445,0.07452435791492462,0.007724555674940348,0.07339297980070114,1.0552735328674316,0.05964968353509903,0.07750842720270157,0.007001666352152824,0.060239508748054504,,,,,,,,,,,,,,,,,,,,,,,,,,,
0.056518252938985825,0.0802929699420929,0.05282723903656006,76,0.012382123619318008,0.049989208579063416,0.08520835638046265,0.0004832551348954439,0.07808584719896317,0.048877909779548645,0.05856114998459816,1.1003390550613403,0.05722218006849289,0.07722169160842896,0.014198417775332928,0.012236696667969227,0.00921817496418953,0.013657402247190475,0.0,76,0.03472211956977844,0.07420914620161057,0.00766923138871789,0.07348762452602386,1.051461100578308,0.059521839022636414,0.07761173695325851,0.006491182837635279,0.05964525043964386,,,,,,,,,,,,,,,,,,,,,,,,,,,
0.05666376277804375,0.08068203926086426,0.05262928083539009,77,0.012310940772294998,0.049625545740127563,0.08542449027299881,0.0004797539149876684,0.07792196422815323,0.04807501658797264,0.05864797905087471,1.0969548225402832,0.05750426650047302,0.07704100757837296,0.013701686635613441,0.011546727269887924,0.008605911396443844,0.013593653216958046,0.0,77,0.034833647310733795,0.07393952459096909,0.007598495576530695,0.07365210354328156,1.048879861831665,0.05939191207289696,0.07770707458257675,0.006099149584770203,0.0592789500951767,,,,,,,,,,,,,,,,,,,,,,,,,,,
0.056746579706668854,0.08071728050708771,0.05238371714949608,78,0.012229681946337223,0.04918506741523743,0.08558511734008789,0.0004779532318934798,0.07780077308416367,0.04818802699446678,0.05872350186109543,1.0940603017807007,0.0578305721282959,0.07684261351823807,0.013267380185425282,0.010892029851675034,0.008074312470853329,0.01345866173505783,0.0,78,0.035118330270051956,0.07376004010438919,0.007524942047894001,0.07398571819067001,1.0458723306655884,0.05916262045502663,0.07766170799732208,0.005757579579949379,0.058686159551143646,,,,,,,,,,,,,,,,,,,,,,,,,,,
0.05674293637275696,0.08040553331375122,0.05211183428764343,79,0.012129540555179119,0.04874503239989281,0.08574776351451874,0.00047636067029088736,0.07767178863286972,0.047371238470077515,0.05876944959163666,1.0905245542526245,0.0583142526447773,0.07675669342279434,0.012877672910690308,0.010287565179169178,0.007583247497677803,0.013385932892560959,0.0,79,0.035324301570653915,0.07375434041023254,0.007478837855160236,0.07430413365364075,1.0431532859802246,0.059096723794937134,0.07751715183258057,0.005446885246783495,0.05822531878948212,,,,,,,,,,,,,,,,,,,,,,,,,,,
0.05680243670940399,0.0797760933637619,0.05178115889430046,80,0.012043694034218788,0.04838496074080467,0.08590425550937653,0.00047311867820098996,0.07766443490982056,0.04758845642209053,0.05867007374763489,1.0881764888763428,0.05873842537403107,0.07681013643741608,0.012568358331918716,0.009793846867978573,0.007139646448194981,0.013277139514684677,0.0,80,0.03546731546521187,0.0738288089632988,0.007462463807314634,0.07470756024122238,1.0405880212783813,0.05914894491434097,0.07718488574028015,0.005112913437187672,0.05784735828638077,,,,,,,,,,,,,,,,,,,,,,,,,,,
0.05677809193730354,0.07898302376270294,0.05155888572335243,81,0.011933114379644394,0.04810846224427223,0.08590288460254669,0.0004674307128880173,0.07766415923833847,0.048880405724048615,0.05857395753264427,1.0865057706832886,0.058853570371866226,0.07690217345952988,0.01227730792015791,0.009312709793448448,0.00673924945294857,0.013092374429106712,0.0,81,0.03555166348814964,0.0740116611123085,0.007475848775357008,0.07497604936361313,1.0376253128051758,0.05921322852373123,0.07688891142606735,0.004749464802443981,0.057611044496297836,,,,,,,,,,,,,,,,,,,,,,,,,,,
0.056625913828611374,0.07811811566352844,0.051458291709423065,82,0.0117796016857028,0.04792191460728645,0.08581758290529251,0.00046366063179448247,0.07758013904094696,0.04822453856468201,0.05850471183657646,1.0823270082473755,0.05850107967853546,0.07703829556703568,0.012019813060760498,0.008884916082024574,0.006391552276909351,0.012922431342303753,0.0,82,0.035427093505859375,0.07415181398391724,0.007469273637980223,0.07499723136425018,1.034102439880371,0.059334203600883484,0.07670701295137405,0.0044694626703858376,0.05751841887831688,,,,,,,,,,,,,,,,,,,,,,,,,,,
0.05637063458561897,0.07700115442276001,0.05148758739233017,83,0.011602998711168766,0.0478149838745594,0.08568800240755081,0.00045685801887884736,0.07743463665246964,0.04880870506167412,0.05857425555586815,1.0787678956985474,0.05795126408338547,0.0770750567317009,0.011764968745410442,0.00839554239064455,0.006097800564020872,0.012693788856267929,0.0,83,0.03517725691199303,0.07435096055269241,0.007482081186026335,0.07498318701982498,1.0299592018127441,0.05940515920519829,0.07650963962078094,0.004142923280596733,0.05749840289354324,,,,,,,,,,,,,,,,,,,,,,,,,,,
0.05598440766334534,0.07600359618663788,0.051599957048892975,84,0.011415929533541203,0.047674912959337234,0.08552772551774979,0.00045152168604545295,0.07723180949687958,0.05014124512672424,0.05875346064567566,1.0760009288787842,0.05705821514129639,0.07713637501001358,0.011533621698617935,0.008026904426515102,0.005857388488948345,0.012464949861168861,0.0,84,0.03493043780326843,0.07467293739318848,0.0074582225643098354,0.07483074069023132,1.0258597135543823,0.05928390473127365,0.0765170082449913,0.0038373011630028486,0.05760844051837921,,,,,,,,,,,,,,,,,,,,,,,,,,,
0.05573146790266037,0.07511985301971436,0.05185503885149956,85,0.011237277649343014,0.04760350286960602,0.08544217795133591,0.0004446474777068943,0.07700810581445694,0.05152537673711777,0.05883331596851349,1.073992133140564,0.05633118003606796,0.07721550017595291,0.011299677193164825,0.007696235086768866,0.005640037823468447,0.01225697249174118,0.0,85,0.03471928462386131,0.0749325305223465,0.007408061996102333,0.07458626478910446,1.022466778755188,0.059128131717443466,0.07654763758182526,0.003571238601580262,0.05785869434475899,,,,,,,,,,,,,,,,,,,,,,,,,,,
0.055404290556907654,0.07461847364902496,0.05218479782342911,86,0.011052328161895275,0.047571875154972076,0.08542013168334961,0.0004391002585180104,0.07686655968427658,0.05328522250056267,0.058812737464904785,1.0726656913757324,0.055793359875679016,0.07713004946708679,0.01106031984090805,0.007364933378994465,0.005474305246025324,0.012023470364511013,0.0,86,0.034663163125514984,0.07523832470178604,0.007370389066636562,0.07424600422382355,1.0193804502487183,0.05881649628281593,0.07659738510847092,0.003311168635264039,0.05792086943984032,,,,,,,,,,,,,,,,,,,,,,,,,,,
0.055012237280607224,0.0748971477150917,0.05241722986102104,87,0.010890666395425797,0.04754548892378807,0.08540283143520355,0.0004340711748227477,0.0768342912197113,0.055020179599523544,0.05872100219130516,1.0716140270233154,0.05521395802497864,0.07703740149736404,0.010851397179067135,0.007034624926745892,0.00534208957105875,0.011819672770798206,0.0,87,0.03486765921115875,0.07529162615537643,0.0072587537579238415,0.07383458316326141,1.0165938138961792,0.058375414460897446,0.07672391086816788,0.0031061547342687845,0.057681676000356674,,,,,,,,,,,,,,,,,,,,,,,,,,,
0.05485377460718155,0.07534706592559814,0.05251629278063774,88,0.010713751427829266,0.04731521010398865,0.08541077375411987,0.00042641154141165316,0.07680854946374893,0.05590366944670677,0.05870154872536659,1.0703164339065552,0.05498778820037842,0.07684791088104248,0.010661989450454712,0.006801819894462824,0.005231229122728109,0.01166771911084652,0.0,88,0.03517584502696991,0.07522374391555786,0.007160418666899204,0.07367689162492752,1.014412760734558,0.05791822075843811,0.07682250440120697,0.002923946361988783,0.05721936747431755,,,,,,,,,,,,,,,,,,,,,,,,,,,
0.054822757840156555,0.07576413452625275,0.052567701786756516,89,0.010519390925765038,0.04707716405391693,0.08540048450231552,0.0004181145050097257,0.07677564024925232,0.05516829341650009,0.058668103069067,1.0679044723510742,0.055028364062309265,0.07663063704967499,0.01049463078379631,0.006600426975637674,0.005175854545086622,0.011469253338873386,0.0,89,0.035343557596206665,0.07524968683719635,0.007084569428116083,0.07363345474004745,1.012736201286316,0.057616133242845535,0.07682346552610397,0.002755958354100585,0.0568167008459568,,,,,,,,,,,,,,,,,,,,,,,,,,,
0.05482272058725357,0.07571976631879807,0.052540943026542664,90,0.01034450251609087,0.046902310103178024,0.08543702960014343,0.00040969124529510736,0.07675370573997498,0.053949128836393356,0.058607183396816254,1.0651397705078125,0.055382970720529556,0.0765077993273735,0.010341653600335121,0.006421701982617378,0.005109839607030153,0.011308313347399235,0.0,90,0.0353403314948082,0.07535487413406372,0.007034254260361195,0.07356543838977814,1.01119065284729,0.057423096150159836,0.07675216346979141,0.002623987849801779,0.05648631975054741,,,,,,,,,,,,,,,,,,,,,,,,,,,
0.05487274006009102,0.07558882236480713,0.052312884479761124,91,0.010189056396484375,0.046824198216199875,0.08555863052606583,0.0004032968427054584,0.07674004137516022,0.05251724272966385,0.058581214398145676,1.0620522499084473,0.05569148436188698,0.07643825560808182,0.010204136371612549,0.0062370914965868,0.005087061319500208,0.011095291003584862,0.0,91,0.035179559141397476,0.07544418424367905,0.007015744224190712,0.07350601255893707,1.0095349550247192,0.05729183182120323,0.07646750658750534,0.0025222813710570335,0.056283701211214066,,,,,,,,,,,,,,,,,,,,,,,,,,,
0.054861441254615784,0.07526502758264542,0.052068863064050674,92,0.01006984245032072,0.0467006154358387,0.08559928834438324,0.0003959689929615706,0.07674358785152435,0.050305213779211044,0.058621592819690704,1.0580378770828247,0.05598418787121773,0.07640250772237778,0.01007433608174324,0.006057420279830694,0.005093014799058437,0.010901701636612415,0.0,92,0.0347987525165081,0.07553164660930634,0.007030518259853125,0.07348022609949112,1.007732629776001,0.057290490716695786,0.07618700712919235,0.002460481831803918,0.05611417815089226,,,,,,,,,,,,,,,,,,,,,,,,,,,
0.054673489183187485,0.07467685639858246,0.05181102454662323,93,0.009988977573812008,0.046607695519924164,0.0855940505862236,0.00038708883221261203,0.07667262852191925,0.04879719763994217,0.05876148119568825,1.0544401407241821,0.056122876703739166,0.07633984833955765,0.009963460266590118,0.005897542927414179,0.005120590794831514,0.01074572466313839,0.0,93,0.03430865705013275,0.07573241740465164,0.007018015254288912,0.07344557344913483,1.0056428909301758,0.057372741401195526,0.07598535716533661,0.0024330117739737034,0.05598381161689758,,,,,,,,,,,,,,,,,,,,,,,,,,,
0.05446659028530121,0.07408615946769714,0.05157037079334259,94,0.00991743803024292,0.046636633574962616,0.08555568009614944,0.0003828398766927421,0.07665601372718811,0.04852857440710068,0.05878126993775368,1.0523459911346436,0.055996373295784,0.07641904056072235,0.009860021993517876,0.00581839494407177,0.005162832792848349,0.01058988831937313,0.0,94,0.033872149884700775,0.07616293430328369,0.006965135224163532,0.07339709997177124,1.0038174390792847,0.05748293921351433,0.07580970972776413,0.0024231504648923874,0.055804766714572906,,,,,,,,,,,,,,,,,,,,,,,,,,,
0.05408298969268799,0.07360483705997467,0.05147179216146469,95,0.009822859428822994,0.046600595116615295,0.08543911576271057,0.00037667728611268103,0.07658984512090683,0.05006259307265282,0.05880379676818848,1.0519095659255981,0.05566135048866272,0.07649454474449158,0.009778500534594059,0.005706950556486845,0.005213357973843813,0.010485724546015263,0.0,95,0.033681053668260574,0.07643593102693558,0.0068726921454072,0.07336399704217911,1.0018470287322998,0.05755288153886795,0.07588490843772888,0.0024195658043026924,0.05550301447510719,,,,,,,,,,,,,,,,,,,,,,,,,,,
0.05367223173379898,0.07301635295152664,0.051386117935180664,96,0.009681131690740585,0.04631524905562401,0.085415318608284,0.0003711659228429198,0.07650703191757202,0.049086906015872955,0.058697570115327835,1.048721432685852,0.055277228355407715,0.07659275829792023,0.009711481630802155,0.005618481431156397,0.0052050454542040825,0.010400809347629547,0.0,96,0.03365281969308853,0.07666878402233124,0.006733509246259928,0.07319370657205582,0.9996345043182373,0.05765315145254135,0.07619096338748932,0.0024201497435569763,0.0552535243332386,,,,,,,,,,,,,,,,,,,,,,,,,,,
0.053298402577638626,0.07260679453611374,0.051400817930698395,97,0.009522071108222008,0.046082790940999985,0.0853428766131401,0.0003636679030023515,0.07644717395305634,0.05049341171979904,0.058581627905368805,1.0485800504684448,0.05487830191850662,0.07677304744720459,0.009663084521889687,0.005497214384377003,0.0051640295423567295,0.010296168737113476,0.0,97,0.033946678042411804,0.07697257399559021,0.006572433281689882,0.07319235056638718,0.9980866312980652,0.05765305459499359,0.0765608474612236,0.002416500123217702,0.05485404655337334,,,,,,,,,,,,,,,,,,,,,,,,,,,
0.052920322865247726,0.07226771116256714,0.051480963826179504,98,0.009332642890512943,0.04586030915379524,0.08529182523488998,0.0003565971564967185,0.076386459171772,0.04954893887042999,0.05843238905072212,1.0462534427642822,0.05449434369802475,0.07691388577222824,0.009616880677640438,0.0054212408140301704,0.005083685740828514,0.010201160795986652,0.0,98,0.03434101119637489,0.07726502418518066,0.00638952711597085,0.07317768037319183,0.9967044591903687,0.0576961413025856,0.07693304866552353,0.0024058970157057047,0.05443568155169487,,,,,,,,,,,,,,,,,,,,,,,,,,,
,,,99,,,,,,,,,,,,,,,,99,,,,,,,,,,1.0097424983978271,0.07097189128398895,0.0651712715625763,0.0632995069026947,0.07224752753973007,0.007933620363473892,0.03712381422519684,0.011781289242208004,0.05079115927219391,0.07620100677013397,0.07388490438461304,0.06277850270271301,0.00605426263064146,0.011692944914102554,0.0051202611066401005,0.052409399300813675,0.00041267965571023524,0.008682609535753727,0.0003841140423901379,0.05581095814704895,0.06251741200685501,0.048826977610588074,0.0,0.07495413720607758,0.011694526299834251,0.07899770140647888,1.0093297958374023
0.05269276723265648,0.07226033508777618,0.0517275370657444,99,0.009137840941548347,0.04559299349784851,0.0851980671286583,0.00034744327422231436,0.07634525001049042,0.048316869884729385,0.058310408145189285,1.0441710948944092,0.054111212491989136,0.07700835168361664,0.009572966024279594,0.00531859090551734,0.00499342754483223,0.010108578950166702,0.0,99,0.03469178080558777,0.0773690864443779,0.006230645813047886,0.07320265471935272,0.9958542585372925,0.05774446576833725,0.07731587439775467,0.002403197344392538,0.054170798510313034,,,,,,,,,,,,,,,,,,,,,,,,,,,
